{
  "gpt": {
    "thresholds": {
      "high": 0.8200000000000001,
      "low": 0.3
    }
  },
  "use": {
    "thresholds": {
      "high": 0.8200000000000001,
      "low": 0.34
    }
  }
}